flair,n,unique_authors,mean,median,std,ci_lo,ci_hi,pct_pos,pct_neu,pct_neg,weighted_mean,median_score,median_body_chars,pct_empty_body
General Help,241,213,0.2798157676348548,0.4836,0.6415995338477726,0.19888717842323653,0.3592663589211618,0.6431535269709544,0.058091286307053944,0.2987551867219917,0.2682460551304015,3.0,337.0,0.05394190871369295
Looking For: Feedback,241,198,0.35606514522821575,0.6369,0.6666119538607772,0.2697316390041493,0.44175269709543563,0.7053941908713693,0.05394190871369295,0.24066390041493776,0.4096168504810016,2.0,384.0,0.07468879668049792
Looking For: Recommendations,239,206,0.619431380753138,0.8537,0.48064068889996897,0.5559430857740586,0.6774003033472803,0.8368200836820083,0.06694560669456066,0.09623430962343096,0.6574393327842076,2.0,268.0,0.07112970711297072
Off-Topic,199,170,0.29922462311557796,0.5661,0.6617250768407776,0.20925398241206034,0.3931849497487437,0.6331658291457286,0.07537688442211055,0.2914572864321608,0.2391591785175341,7.0,306.0,0.10552763819095477
Looking For: Read for Read,187,134,0.5913326203208557,0.8459,0.5243383214376413,0.5179534358288769,0.6629952673796792,0.8502673796791443,0.0427807486631016,0.10695187165775401,0.6349702899948926,5.0,346.0,0.0
Other,97,84,0.3084268041237114,0.561,0.635786245446577,0.1813179381443299,0.4414932474226804,0.6391752577319587,0.09278350515463918,0.26804123711340205,0.269435014317922,3.0,266.0,0.09278350515463918
Services,95,84,0.7136115789473684,0.8655,0.3776347528586707,0.6393845526315789,0.7847626578947369,0.8842105263157894,0.07368421052631578,0.042105263157894736,0.7374288223947545,2.0,483.0,0.07368421052631578
Looking For: R4R/V4V/C4C/F4F,92,74,0.5881456521739131,0.79025,0.510188751628827,0.4826483967391305,0.6963707608695653,0.8152173913043478,0.05434782608695652,0.13043478260869565,0.6256724708879907,3.0,395.0,0.010869565217391304
